K,C_Fourier,C_MC_Euler,MC_Euler_half_width,rel_diff_Euler,C_MC_QE,MC_QE_half_width,rel_diff_QE,C_PDE,rel_diff_PDE,time_Euler_s,time_QE_s,time_PDE_s
80.00,23.68977144,23.64732390,7.322764e-02,-1.791809e-03,23.74536334,7.358489e-02,2.346663e-03,23.68948163,-1.223348e-05,4.257,6.341,0.319
85.00,19.57356842,19.53653375,6.893015e-02,-1.892076e-03,19.63334841,6.929656e-02,3.054118e-03,19.57094116,-1.342251e-04,6.437,7.308,0.307
90.00,15.75043381,15.71737919,6.369386e-02,-2.098648e-03,15.81541732,6.405364e-02,4.125823e-03,15.74727017,-2.008609e-04,4.465,5.282,0.240
95.00,12.28633323,12.25537121,5.758442e-02,-2.520038e-03,12.35519864,5.792842e-02,5.605042e-03,12.28254059,-3.086874e-04,4.759,5.428,0.260
100.00,9.24252107,9.21391198,5.075697e-02,-3.095378e-03,9.31075712,5.109083e-02,7.382839e-03,9.23439726,-8.789604e-04,4.620,6.029,0.279
105.00,6.66680207,6.64202675,4.346630e-02,-3.716222e-03,6.72979875,4.379462e-02,9.449310e-03,6.66493263,-2.804095e-04,4.994,6.316,0.243
110.00,4.58397135,4.56268096,3.606009e-02,-4.644529e-03,4.63668816,3.637528e-02,1.150025e-02,4.58457467,1.316149e-04,4.758,6.126,0.252
115.00,2.98781902,2.96776699,2.892223e-02,-6.711260e-03,3.02675493,2.921098e-02,1.303155e-02,2.98896982,3.851641e-04,4.532,6.113,0.269
120.00,1.83802043,1.82067546,2.241051e-02,-9.436770e-03,1.86446704,2.265069e-02,1.438864e-02,1.84341809,2.936671e-03,5.277,6.078,0.243
